{"mel_mean": -6.974664688110352, "mel_std": 2.0113120079040527}